HITId,HITTypeId,Title,Description,Keywords,Reward,CreationTime,MaxAssignments,RequesterAnnotation,AssignmentDurationInSeconds,AutoApprovalDelayInSeconds,Expiration,NumberOfSimilarHITs,LifetimeInSeconds,AssignmentId,WorkerId,AssignmentStatus,AcceptTime,SubmitTime,AutoApprovalTime,ApprovalTime,RejectionTime,RequesterFeedback,WorkTimeInSeconds,LifetimeApprovalRate,Last30DaysApprovalRate,Last7DaysApprovalRate,Input.condition,Input.price1,Input.price2,Input.price3,Answer.dog_cost,Answer.plasma_cost,Answer.sushi_cost
261WKUDD8XMBJ8COBQ261TO6T1XNCJ,2DVGTP9RA7S5C4ALLOJOM70JMHCRW9,How much is it worth? Quick 2 minute survey.,A quick two minute survey asking about prices. DO THIS HIT ONLY ONCE.,"survey, quick, prices",0.1,Wed Jan 25 18:13:24 GMT 2012,30,Department:Other,600,604800,Wed Feb 01 18:13:24 GMT 2012,2,,23NOK5UFJ51YN8N3B5PQZ1CSVW67AD,1,Submitted,Wed Jan 25 18:31:40 GMT 2012,Wed Jan 25 18:32:03 GMT 2012,Wed Feb 01 10:32:03 PST 2012,,,,23,0% (0/0),0% (0/0),0% (0/0),over,5012,2508,9.36,2300,4800,8.7
261WKUDD8XMBJ8COBQ261TO6T1XNCJ,2DVGTP9RA7S5C4ALLOJOM70JMHCRW9,How much is it worth? Quick 2 minute survey.,A quick two minute survey asking about prices. DO THIS HIT ONLY ONCE.,"survey, quick, prices",0.1,Wed Jan 25 18:13:24 GMT 2012,30,Department:Other,600,604800,Wed Feb 01 18:13:24 GMT 2012,2,,23Q24E6AUBXHCAQMRB092BZWF3D0WV,2,Submitted,Thu Jan 26 23:37:33 GMT 2012,Thu Jan 26 23:41:21 GMT 2012,Thu Feb 02 15:41:21 PST 2012,,,,228,0% (0/0),0% (0/0),0% (0/0),over,5012,2508,9.36,2450,4850,9
261WKUDD8XMBJ8COBQ261TO6T1XNCJ,2DVGTP9RA7S5C4ALLOJOM70JMHCRW9,How much is it worth? Quick 2 minute survey.,A quick two minute survey asking about prices. DO THIS HIT ONLY ONCE.,"survey, quick, prices",0.1,Wed Jan 25 18:13:24 GMT 2012,30,Department:Other,600,604800,Wed Feb 01 18:13:24 GMT 2012,2,,23UD5NQYN5F36ISVHJPMUCWYDESB7D,3,Submitted,Wed Jan 25 18:39:43 GMT 2012,Wed Jan 25 18:41:12 GMT 2012,Wed Feb 01 10:41:12 PST 2012,,,,89,0% (0/0),0% (0/0),0% (0/0),over,5012,2508,9.36,800,1200,8
261WKUDD8XMBJ8COBQ261TO6T1XNCJ,2DVGTP9RA7S5C4ALLOJOM70JMHCRW9,How much is it worth? Quick 2 minute survey.,A quick two minute survey asking about prices. DO THIS HIT ONLY ONCE.,"survey, quick, prices",0.1,Wed Jan 25 18:13:24 GMT 2012,30,Department:Other,600,604800,Wed Feb 01 18:13:24 GMT 2012,2,,240Y1THV8ER9EQ22W8DZZM5KHTE1OH,4,Submitted,Thu Jan 26 19:58:01 GMT 2012,Thu Jan 26 20:00:26 GMT 2012,Thu Feb 02 12:00:26 PST 2012,,,,145,0% (0/0),0% (0/0),0% (0/0),over,5012,2508,9.36,2000,4200,9
261WKUDD8XMBJ8COBQ261TO6T1XNCJ,2DVGTP9RA7S5C4ALLOJOM70JMHCRW9,How much is it worth? Quick 2 minute survey.,A quick two minute survey asking about prices. DO THIS HIT ONLY ONCE.,"survey, quick, prices",0.1,Wed Jan 25 18:13:24 GMT 2012,30,Department:Other,600,604800,Wed Feb 01 18:13:24 GMT 2012,2,,250ER9Y8TNKI2H11HA6HZ2OM20IU7Y,5,Submitted,Thu Jan 26 02:05:54 GMT 2012,Thu Jan 26 02:09:46 GMT 2012,Wed Feb 01 18:09:46 PST 2012,,,,232,0% (0/0),0% (0/0),0% (0/0),over,5012,2508,9.36,2000,4500,8.5
261WKUDD8XMBJ8COBQ261TO6T1XNCJ,2DVGTP9RA7S5C4ALLOJOM70JMHCRW9,How much is it worth? Quick 2 minute survey.,A quick two minute survey asking about prices. DO THIS HIT ONLY ONCE.,"survey, quick, prices",0.1,Wed Jan 25 18:13:24 GMT 2012,30,Department:Other,600,604800,Wed Feb 01 18:13:24 GMT 2012,2,,276RSQV66RLPX02ITLNA2KI64Z84C3,6,Submitted,Thu Jan 26 22:14:07 GMT 2012,Thu Jan 26 22:15:33 GMT 2012,Thu Feb 02 14:15:33 PST 2012,,,,86,0% (0/0),0% (0/0),0% (0/0),over,5012,2508,9.36,1600,4600,8
261WKUDD8XMBJ8COBQ261TO6T1XNCJ,2DVGTP9RA7S5C4ALLOJOM70JMHCRW9,How much is it worth? Quick 2 minute survey.,A quick two minute survey asking about prices. DO THIS HIT ONLY ONCE.,"survey, quick, prices",0.1,Wed Jan 25 18:13:24 GMT 2012,30,Department:Other,600,604800,Wed Feb 01 18:13:24 GMT 2012,2,,298KPEIB9BAW1AVC1GWV4UD3O39X07,7,Submitted,Wed Jan 25 18:24:14 GMT 2012,Wed Jan 25 18:25:47 GMT 2012,Wed Feb 01 10:25:47 PST 2012,,,,93,0% (0/0),0% (0/0),0% (0/0),over,5012,2508,9.36,1750,4650,6.95
261WKUDD8XMBJ8COBQ261TO6T1XNCJ,2DVGTP9RA7S5C4ALLOJOM70JMHCRW9,How much is it worth? Quick 2 minute survey.,A quick two minute survey asking about prices. DO THIS HIT ONLY ONCE.,"survey, quick, prices",0.1,Wed Jan 25 18:13:24 GMT 2012,30,Department:Other,600,604800,Wed Feb 01 18:13:24 GMT 2012,2,,29EAZHHRRLFQG6W27H81RHO9GR5NEX,8,Submitted,Thu Jan 26 06:01:52 GMT 2012,Thu Jan 26 06:02:46 GMT 2012,Wed Feb 01 22:02:46 PST 2012,,,,54,0% (0/0),0% (0/0),0% (0/0),over,5012,2508,9.36,2200,4800,8
261WKUDD8XMBJ8COBQ261TO6T1XNCJ,2DVGTP9RA7S5C4ALLOJOM70JMHCRW9,How much is it worth? Quick 2 minute survey.,A quick two minute survey asking about prices. DO THIS HIT ONLY ONCE.,"survey, quick, prices",0.1,Wed Jan 25 18:13:24 GMT 2012,30,Department:Other,600,604800,Wed Feb 01 18:13:24 GMT 2012,2,,29YKW4ZMAZHH79UU2QFNUVRH3U5I9A,9,Submitted,Wed Jan 25 20:54:16 GMT 2012,Wed Jan 25 20:56:02 GMT 2012,Wed Feb 01 12:56:02 PST 2012,,,,106,0% (0/0),0% (0/0),0% (0/0),over,5012,2508,9.36,2000,4500,8.99
261WKUDD8XMBJ8COBQ261TO6T1XNCJ,2DVGTP9RA7S5C4ALLOJOM70JMHCRW9,How much is it worth? Quick 2 minute survey.,A quick two minute survey asking about prices. DO THIS HIT ONLY ONCE.,"survey, quick, prices",0.1,Wed Jan 25 18:13:24 GMT 2012,30,Department:Other,600,604800,Wed Feb 01 18:13:24 GMT 2012,2,,2BG3W5XH0JPP80BZA4GLZP75MV5EKM,10,Submitted,Wed Jan 25 19:05:36 GMT 2012,Wed Jan 25 19:07:26 GMT 2012,Wed Feb 01 11:07:26 PST 2012,,,,110,0% (0/0),0% (0/0),0% (0/0),over,5012,2508,9.36,1000,3000,9
261WKUDD8XMBJ8COBQ261TO6T1XNCJ,2DVGTP9RA7S5C4ALLOJOM70JMHCRW9,How much is it worth? Quick 2 minute survey.,A quick two minute survey asking about prices. DO THIS HIT ONLY ONCE.,"survey, quick, prices",0.1,Wed Jan 25 18:13:24 GMT 2012,30,Department:Other,600,604800,Wed Feb 01 18:13:24 GMT 2012,2,,2BP3V0FK0COKI1NGYXGKR9LRYG6HOO,11,Submitted,Wed Jan 25 18:20:31 GMT 2012,Wed Jan 25 18:22:20 GMT 2012,Wed Feb 01 10:22:20 PST 2012,,,,109,0% (0/0),0% (0/0),0% (0/0),over,5012,2508,9.36,1600,4578,8.5
261WKUDD8XMBJ8COBQ261TO6T1XNCJ,2DVGTP9RA7S5C4ALLOJOM70JMHCRW9,How much is it worth? Quick 2 minute survey.,A quick two minute survey asking about prices. DO THIS HIT ONLY ONCE.,"survey, quick, prices",0.1,Wed Jan 25 18:13:24 GMT 2012,30,Department:Other,600,604800,Wed Feb 01 18:13:24 GMT 2012,2,,2BWIXKO2L92HUU5PINUYVCCF2MDEDE,12,Submitted,Wed Jan 25 20:36:36 GMT 2012,Wed Jan 25 20:39:12 GMT 2012,Wed Feb 01 12:39:12 PST 2012,,,,156,0% (0/0),0% (0/0),0% (0/0),over,5012,2508,9.36,2250,4999,8.5
261WKUDD8XMBJ8COBQ261TO6T1XNCJ,2DVGTP9RA7S5C4ALLOJOM70JMHCRW9,How much is it worth? Quick 2 minute survey.,A quick two minute survey asking about prices. DO THIS HIT ONLY ONCE.,"survey, quick, prices",0.1,Wed Jan 25 18:13:24 GMT 2012,30,Department:Other,600,604800,Wed Feb 01 18:13:24 GMT 2012,2,,2C2ESCWY2AOOIYV1Q6FONQSCOG111N,13,Submitted,Wed Jan 25 18:57:28 GMT 2012,Wed Jan 25 18:57:46 GMT 2012,Wed Feb 01 10:57:46 PST 2012,,,,18,0% (0/0),0% (0/0),0% (0/0),over,5012,2508,9.36,2000,4000,
261WKUDD8XMBJ8COBQ261TO6T1XNCJ,2DVGTP9RA7S5C4ALLOJOM70JMHCRW9,How much is it worth? Quick 2 minute survey.,A quick two minute survey asking about prices. DO THIS HIT ONLY ONCE.,"survey, quick, prices",0.1,Wed Jan 25 18:13:24 GMT 2012,30,Department:Other,600,604800,Wed Feb 01 18:13:24 GMT 2012,2,,2CWSMEZZ2MIK25I9KF0YA8TWY98M59,14,Submitted,Thu Jan 26 23:12:41 GMT 2012,Thu Jan 26 23:14:34 GMT 2012,Thu Feb 02 15:14:34 PST 2012,,,,113,0% (0/0),0% (0/0),0% (0/0),over,5012,2508,9.36,2000,4500,8.5
261WKUDD8XMBJ8COBQ261TO6T1XNCJ,2DVGTP9RA7S5C4ALLOJOM70JMHCRW9,How much is it worth? Quick 2 minute survey.,A quick two minute survey asking about prices. DO THIS HIT ONLY ONCE.,"survey, quick, prices",0.1,Wed Jan 25 18:13:24 GMT 2012,30,Department:Other,600,604800,Wed Feb 01 18:13:24 GMT 2012,2,,2DLVOK5UFJ51EPZT0P6YXS1CU5V69T,15,Submitted,Thu Jan 26 16:07:25 GMT 2012,Thu Jan 26 16:09:05 GMT 2012,Thu Feb 02 08:09:05 PST 2012,,,,100,0% (0/0),0% (0/0),0% (0/0),over,5012,2508,9.36,2200,4500,8
261WKUDD8XMBJ8COBQ261TO6T1XNCJ,2DVGTP9RA7S5C4ALLOJOM70JMHCRW9,How much is it worth? Quick 2 minute survey.,A quick two minute survey asking about prices. DO THIS HIT ONLY ONCE.,"survey, quick, prices",0.1,Wed Jan 25 18:13:24 GMT 2012,30,Department:Other,600,604800,Wed Feb 01 18:13:24 GMT 2012,2,,2GK8SV7WGKCCB3UIO0U3THAPSF9R1P,16,Submitted,Thu Jan 26 12:15:40 GMT 2012,Thu Jan 26 12:17:21 GMT 2012,Thu Feb 02 04:17:21 PST 2012,,,,101,0% (0/0),0% (0/0),0% (0/0),over,5012,2508,9.36,2200,4700,8
261WKUDD8XMBJ8COBQ261TO6T1XNCJ,2DVGTP9RA7S5C4ALLOJOM70JMHCRW9,How much is it worth? Quick 2 minute survey.,A quick two minute survey asking about prices. DO THIS HIT ONLY ONCE.,"survey, quick, prices",0.1,Wed Jan 25 18:13:24 GMT 2012,30,Department:Other,600,604800,Wed Feb 01 18:13:24 GMT 2012,2,,2J0JHSTLB3L0VTSOUE2JLJREXORTHQ,17,Submitted,Wed Jan 25 20:17:25 GMT 2012,Wed Jan 25 20:19:35 GMT 2012,Wed Feb 01 12:19:35 PST 2012,,,,130,0% (0/0),0% (0/0),0% (0/0),over,5012,2508,9.36,1000,5000,7.75
261WKUDD8XMBJ8COBQ261TO6T1XNCJ,2DVGTP9RA7S5C4ALLOJOM70JMHCRW9,How much is it worth? Quick 2 minute survey.,A quick two minute survey asking about prices. DO THIS HIT ONLY ONCE.,"survey, quick, prices",0.1,Wed Jan 25 18:13:24 GMT 2012,30,Department:Other,600,604800,Wed Feb 01 18:13:24 GMT 2012,2,,2NAPDOBDDP8PZET9P3ZXTB3Q5LMD2E,18,Submitted,Thu Jan 26 20:47:27 GMT 2012,Thu Jan 26 20:51:43 GMT 2012,Thu Feb 02 12:51:43 PST 2012,,,,256,0% (0/0),0% (0/0),0% (0/0),over,5012,2508,9.36,2250,4899,8
261WKUDD8XMBJ8COBQ261TO6T1XNCJ,2DVGTP9RA7S5C4ALLOJOM70JMHCRW9,How much is it worth? Quick 2 minute survey.,A quick two minute survey asking about prices. DO THIS HIT ONLY ONCE.,"survey, quick, prices",0.1,Wed Jan 25 18:13:24 GMT 2012,30,Department:Other,600,604800,Wed Feb 01 18:13:24 GMT 2012,2,,2NE25L8I9NZWMZNEIE54XW7TAH5JTX,19,Submitted,Thu Jan 26 11:44:48 GMT 2012,Thu Jan 26 11:46:17 GMT 2012,Thu Feb 02 03:46:17 PST 2012,,,,89,0% (0/0),0% (0/0),0% (0/0),over,5012,2508,9.36,1749,3499,8.99
261WKUDD8XMBJ8COBQ261TO6T1XNCJ,2DVGTP9RA7S5C4ALLOJOM70JMHCRW9,How much is it worth? Quick 2 minute survey.,A quick two minute survey asking about prices. DO THIS HIT ONLY ONCE.,"survey, quick, prices",0.1,Wed Jan 25 18:13:24 GMT 2012,30,Department:Other,600,604800,Wed Feb 01 18:13:24 GMT 2012,2,,2PD6VCPWZ9RNTER37RJ7ZN3DVSJPAD,20,Submitted,Thu Jan 26 21:54:32 GMT 2012,Thu Jan 26 21:55:46 GMT 2012,Thu Feb 02 13:55:46 PST 2012,,,,74,0% (0/0),0% (0/0),0% (0/0),over,5012,2508,9.36,1850,4999.99,7.99
261WKUDD8XMBJ8COBQ261TO6T1XNCJ,2DVGTP9RA7S5C4ALLOJOM70JMHCRW9,How much is it worth? Quick 2 minute survey.,A quick two minute survey asking about prices. DO THIS HIT ONLY ONCE.,"survey, quick, prices",0.1,Wed Jan 25 18:13:24 GMT 2012,30,Department:Other,600,604800,Wed Feb 01 18:13:24 GMT 2012,2,,2RQ5PQJQ9OPL1FLM6CIXN8KCQ9HY0S,21,Submitted,Wed Jan 25 22:52:40 GMT 2012,Wed Jan 25 22:54:26 GMT 2012,Wed Feb 01 14:54:26 PST 2012,,,,106,0% (0/0),0% (0/0),0% (0/0),over,5012,2508,9.36,2500,4999,9.3
261WKUDD8XMBJ8COBQ261TO6T1XNCJ,2DVGTP9RA7S5C4ALLOJOM70JMHCRW9,How much is it worth? Quick 2 minute survey.,A quick two minute survey asking about prices. DO THIS HIT ONLY ONCE.,"survey, quick, prices",0.1,Wed Jan 25 18:13:24 GMT 2012,30,Department:Other,600,604800,Wed Feb 01 18:13:24 GMT 2012,2,,2RSJPPSI2KYE5314JVBLT6WJ500QKL,22,Submitted,Thu Jan 26 23:48:06 GMT 2012,Thu Jan 26 23:50:11 GMT 2012,Thu Feb 02 15:50:11 PST 2012,,,,125,0% (0/0),0% (0/0),0% (0/0),over,5012,2508,9.36,2000,4500,8.5
261WKUDD8XMBJ8COBQ261TO6T1XNCJ,2DVGTP9RA7S5C4ALLOJOM70JMHCRW9,How much is it worth? Quick 2 minute survey.,A quick two minute survey asking about prices. DO THIS HIT ONLY ONCE.,"survey, quick, prices",0.1,Wed Jan 25 18:13:24 GMT 2012,30,Department:Other,600,604800,Wed Feb 01 18:13:24 GMT 2012,2,,2RX7DZKPFE4EWVQSYSWLFI9N18U5FJ,23,Submitted,Thu Jan 26 20:43:16 GMT 2012,Thu Jan 26 20:44:20 GMT 2012,Thu Feb 02 12:44:20 PST 2012,,,,64,0% (0/0),0% (0/0),0% (0/0),over,5012,2508,9.36,1500,3200,7.35
261WKUDD8XMBJ8COBQ261TO6T1XNCJ,2DVGTP9RA7S5C4ALLOJOM70JMHCRW9,How much is it worth? Quick 2 minute survey.,A quick two minute survey asking about prices. DO THIS HIT ONLY ONCE.,"survey, quick, prices",0.1,Wed Jan 25 18:13:24 GMT 2012,30,Department:Other,600,604800,Wed Feb 01 18:13:24 GMT 2012,2,,2VHHIT3HVWAV00FHZ9H2872ZBK4DLS,24,Submitted,Thu Jan 26 06:05:59 GMT 2012,Thu Jan 26 06:07:52 GMT 2012,Wed Feb 01 22:07:52 PST 2012,,,,113,0% (0/0),0% (0/0),0% (0/0),over,5012,2508,9.36,2250,4500,8.5
261WKUDD8XMBJ8COBQ261TO6T1XNCJ,2DVGTP9RA7S5C4ALLOJOM70JMHCRW9,How much is it worth? Quick 2 minute survey.,A quick two minute survey asking about prices. DO THIS HIT ONLY ONCE.,"survey, quick, prices",0.1,Wed Jan 25 18:13:24 GMT 2012,30,Department:Other,600,604800,Wed Feb 01 18:13:24 GMT 2012,2,,2WF9U8P9Y38TCE6XFILYPM0JVKYXGA,25,Submitted,Wed Jan 25 18:32:50 GMT 2012,Wed Jan 25 18:34:41 GMT 2012,Wed Feb 01 10:34:41 PST 2012,,,,111,0% (0/0),0% (0/0),0% (0/0),over,5012,2508,9.36,1500,3000,8
261WKUDD8XMBJ8COBQ261TO6T1XNCJ,2DVGTP9RA7S5C4ALLOJOM70JMHCRW9,How much is it worth? Quick 2 minute survey.,A quick two minute survey asking about prices. DO THIS HIT ONLY ONCE.,"survey, quick, prices",0.1,Wed Jan 25 18:13:24 GMT 2012,30,Department:Other,600,604800,Wed Feb 01 18:13:24 GMT 2012,2,,2YM3K4F0OHOV7JDX9AF2S92HGN221U,26,Submitted,Thu Jan 26 03:40:52 GMT 2012,Thu Jan 26 03:42:20 GMT 2012,Wed Feb 01 19:42:20 PST 2012,,,,88,0% (0/0),0% (0/0),0% (0/0),over,5012,2508,9.36,1875,4699,7.89
261WKUDD8XMBJ8COBQ261TO6T1XNCJ,2DVGTP9RA7S5C4ALLOJOM70JMHCRW9,How much is it worth? Quick 2 minute survey.,A quick two minute survey asking about prices. DO THIS HIT ONLY ONCE.,"survey, quick, prices",0.1,Wed Jan 25 18:13:24 GMT 2012,30,Department:Other,600,604800,Wed Feb 01 18:13:24 GMT 2012,2,,2Z1746OQ1SNQ6PZLJQW1XKCNTCVO4M,27,Submitted,Thu Jan 26 10:50:04 GMT 2012,Thu Jan 26 10:54:48 GMT 2012,Thu Feb 02 02:54:48 PST 2012,,,,284,0% (0/0),0% (0/0),0% (0/0),over,5012,2508,9.36,2000,4540,8.95
261WKUDD8XMBJ8COBQ261TO6T1XNCJ,2DVGTP9RA7S5C4ALLOJOM70JMHCRW9,How much is it worth? Quick 2 minute survey.,A quick two minute survey asking about prices. DO THIS HIT ONLY ONCE.,"survey, quick, prices",0.1,Wed Jan 25 18:13:24 GMT 2012,30,Department:Other,600,604800,Wed Feb 01 18:13:24 GMT 2012,2,,2Z8FL6VCPWZ975MBUEM1Z7SN5NC8NM,28,Submitted,Wed Jan 25 18:40:38 GMT 2012,Wed Jan 25 18:43:38 GMT 2012,Wed Feb 01 10:43:38 PST 2012,,,,180,0% (0/0),0% (0/0),0% (0/0),over,5012,2508,9.36,1800,3800,7
261WKUDD8XMBJ8COBQ261TO6T1XNCJ,2DVGTP9RA7S5C4ALLOJOM70JMHCRW9,How much is it worth? Quick 2 minute survey.,A quick two minute survey asking about prices. DO THIS HIT ONLY ONCE.,"survey, quick, prices",0.1,Wed Jan 25 18:13:24 GMT 2012,30,Department:Other,600,604800,Wed Feb 01 18:13:24 GMT 2012,2,,2ZKI2KYEPLSPNNT0YWNJAOAHSO8UO2,29,Submitted,Wed Jan 25 18:21:36 GMT 2012,Wed Jan 25 18:24:03 GMT 2012,Wed Feb 01 10:24:03 PST 2012,,,,147,0% (0/0),0% (0/0),0% (0/0),over,5012,2508,9.36,2000,4000,8.5
261WKUDD8XMBJ8COBQ261TO6T1XNCJ,2DVGTP9RA7S5C4ALLOJOM70JMHCRW9,How much is it worth? Quick 2 minute survey.,A quick two minute survey asking about prices. DO THIS HIT ONLY ONCE.,"survey, quick, prices",0.1,Wed Jan 25 18:13:24 GMT 2012,30,Department:Other,600,604800,Wed Feb 01 18:13:24 GMT 2012,2,,2ZVTVOK5UFJ5HGG5QEQF5QS1E3B85X,30,Submitted,Thu Jan 26 07:20:44 GMT 2012,Thu Jan 26 07:23:15 GMT 2012,Wed Feb 01 23:23:15 PST 2012,,,,151,0% (0/0),0% (0/0),0% (0/0),over,5012,2508,9.36,2325,4997,8.99
2WQ06UFBNFSVWCUUFZWS36NG1CAH35,2DVGTP9RA7S5C4ALLOJOM70JMHCRW9,How much is it worth? Quick 2 minute survey.,A quick two minute survey asking about prices. DO THIS HIT ONLY ONCE.,"survey, quick, prices",0.1,Wed Jan 25 18:13:24 GMT 2012,30,Department:Other,600,604800,Wed Feb 01 18:13:24 GMT 2012,3,,211Y8TNKIMZS2NTUTITOT0PGXROXA5,31,Submitted,Thu Jan 26 18:50:19 GMT 2012,Thu Jan 26 18:51:09 GMT 2012,Thu Feb 02 10:51:09 PST 2012,,,,50,0% (0/0),0% (0/0),0% (0/0),under,4988,2492,8.64,1000,2500,7.5
2WQ06UFBNFSVWCUUFZWS36NG1CAH35,2DVGTP9RA7S5C4ALLOJOM70JMHCRW9,How much is it worth? Quick 2 minute survey.,A quick two minute survey asking about prices. DO THIS HIT ONLY ONCE.,"survey, quick, prices",0.1,Wed Jan 25 18:13:24 GMT 2012,30,Department:Other,600,604800,Wed Feb 01 18:13:24 GMT 2012,3,,21KQV66RLPHI9LQA80MKP62NL23E63,32,Submitted,Thu Jan 26 12:55:34 GMT 2012,Thu Jan 26 12:58:31 GMT 2012,Thu Feb 02 04:58:31 PST 2012,,,,177,0% (0/0),0% (0/0),0% (0/0),under,4988,2492,8.64,2000,2500,7.8
2WQ06UFBNFSVWCUUFZWS36NG1CAH35,2DVGTP9RA7S5C4ALLOJOM70JMHCRW9,How much is it worth? Quick 2 minute survey.,A quick two minute survey asking about prices. DO THIS HIT ONLY ONCE.,"survey, quick, prices",0.1,Wed Jan 25 18:13:24 GMT 2012,30,Department:Other,600,604800,Wed Feb 01 18:13:24 GMT 2012,3,,223RI8IUB2YUPQSW4JCBAL0FDVWI62,33,Submitted,Thu Jan 26 21:16:03 GMT 2012,Thu Jan 26 21:19:17 GMT 2012,Thu Feb 02 13:19:17 PST 2012,,,,194,0% (0/0),0% (0/0),0% (0/0),under,4988,2492,8.64,2192,4888,7.5
2WQ06UFBNFSVWCUUFZWS36NG1CAH35,2DVGTP9RA7S5C4ALLOJOM70JMHCRW9,How much is it worth? Quick 2 minute survey.,A quick two minute survey asking about prices. DO THIS HIT ONLY ONCE.,"survey, quick, prices",0.1,Wed Jan 25 18:13:24 GMT 2012,30,Department:Other,600,604800,Wed Feb 01 18:13:24 GMT 2012,3,,254PWZ9RNDWI4DA7JIE3KTGU3FESDP,34,Submitted,Thu Jan 26 16:57:18 GMT 2012,Thu Jan 26 16:58:53 GMT 2012,Thu Feb 02 08:58:53 PST 2012,,,,95,0% (0/0),0% (0/0),0% (0/0),under,4988,2492,8.64,2000,4400,7.99
2WQ06UFBNFSVWCUUFZWS36NG1CAH35,2DVGTP9RA7S5C4ALLOJOM70JMHCRW9,How much is it worth? Quick 2 minute survey.,A quick two minute survey asking about prices. DO THIS HIT ONLY ONCE.,"survey, quick, prices",0.1,Wed Jan 25 18:13:24 GMT 2012,30,Department:Other,600,604800,Wed Feb 01 18:13:24 GMT 2012,3,,262VKI62NJQ2HPBELZHHDBKLE50TLX,35,Submitted,Wed Jan 25 20:19:26 GMT 2012,Wed Jan 25 20:22:39 GMT 2012,Wed Feb 01 12:22:39 PST 2012,,,,193,0% (0/0),0% (0/0),0% (0/0),under,4988,2492,8.64,2000,4500,8
2WQ06UFBNFSVWCUUFZWS36NG1CAH35,2DVGTP9RA7S5C4ALLOJOM70JMHCRW9,How much is it worth? Quick 2 minute survey.,A quick two minute survey asking about prices. DO THIS HIT ONLY ONCE.,"survey, quick, prices",0.1,Wed Jan 25 18:13:24 GMT 2012,30,Department:Other,600,604800,Wed Feb 01 18:13:24 GMT 2012,3,,273AT2D5NQYNLXC5C9750YMNE6I84S,36,Submitted,Wed Jan 25 19:06:30 GMT 2012,Wed Jan 25 19:07:56 GMT 2012,Wed Feb 01 11:07:56 PST 2012,,,,86,0% (0/0),0% (0/0),0% (0/0),under,4988,2492,8.64,2100,4300,7.99
2WQ06UFBNFSVWCUUFZWS36NG1CAH35,2DVGTP9RA7S5C4ALLOJOM70JMHCRW9,How much is it worth? Quick 2 minute survey.,A quick two minute survey asking about prices. DO THIS HIT ONLY ONCE.,"survey, quick, prices",0.1,Wed Jan 25 18:13:24 GMT 2012,30,Department:Other,600,604800,Wed Feb 01 18:13:24 GMT 2012,3,,28349F9SSSHXHJS3ZIK5O5F8LGDTXQ,37,Submitted,Thu Jan 26 22:45:26 GMT 2012,Thu Jan 26 22:47:18 GMT 2012,Thu Feb 02 14:47:18 PST 2012,,,,112,0% (0/0),0% (0/0),0% (0/0),under,4988,2492,8.64,2299,4500,7.8
2WQ06UFBNFSVWCUUFZWS36NG1CAH35,2DVGTP9RA7S5C4ALLOJOM70JMHCRW9,How much is it worth? Quick 2 minute survey.,A quick two minute survey asking about prices. DO THIS HIT ONLY ONCE.,"survey, quick, prices",0.1,Wed Jan 25 18:13:24 GMT 2012,30,Department:Other,600,604800,Wed Feb 01 18:13:24 GMT 2012,3,,2AJYNJ92NJKMGNK1VJLH5W2GV0BC76,38,Submitted,Thu Jan 26 02:36:34 GMT 2012,Thu Jan 26 02:37:40 GMT 2012,Wed Feb 01 18:37:40 PST 2012,,,,66,0% (0/0),0% (0/0),0% (0/0),under,4988,2492,8.64,2100,3500,6.99
2WQ06UFBNFSVWCUUFZWS36NG1CAH35,2DVGTP9RA7S5C4ALLOJOM70JMHCRW9,How much is it worth? Quick 2 minute survey.,A quick two minute survey asking about prices. DO THIS HIT ONLY ONCE.,"survey, quick, prices",0.1,Wed Jan 25 18:13:24 GMT 2012,30,Department:Other,600,604800,Wed Feb 01 18:13:24 GMT 2012,3,,2AJYNJ92NJKMGNK1VJLH5W2GVZR7CF,39,Submitted,Wed Jan 25 18:33:07 GMT 2012,Wed Jan 25 18:35:21 GMT 2012,Wed Feb 01 10:35:21 PST 2012,,,,134,0% (0/0),0% (0/0),0% (0/0),under,4988,2492,8.64,2292,4888,7.5
2WQ06UFBNFSVWCUUFZWS36NG1CAH35,2DVGTP9RA7S5C4ALLOJOM70JMHCRW9,How much is it worth? Quick 2 minute survey.,A quick two minute survey asking about prices. DO THIS HIT ONLY ONCE.,"survey, quick, prices",0.1,Wed Jan 25 18:13:24 GMT 2012,30,Department:Other,600,604800,Wed Feb 01 18:13:24 GMT 2012,3,,2BUA1QP6AUC2MVPLJ3SXAV0FMCZ70V,40,Submitted,Thu Jan 26 20:28:29 GMT 2012,Thu Jan 26 20:29:25 GMT 2012,Thu Feb 02 12:29:25 PST 2012,,,,56,0% (0/0),0% (0/0),0% (0/0),under,4988,2492,8.64,2482,4968,8.46
2WQ06UFBNFSVWCUUFZWS36NG1CAH35,2DVGTP9RA7S5C4ALLOJOM70JMHCRW9,How much is it worth? Quick 2 minute survey.,A quick two minute survey asking about prices. DO THIS HIT ONLY ONCE.,"survey, quick, prices",0.1,Wed Jan 25 18:13:24 GMT 2012,30,Department:Other,600,604800,Wed Feb 01 18:13:24 GMT 2012,3,,2C2OO2GMMEGO4YZ7OCXIHA2SGUG885,41,Submitted,Thu Jan 26 19:05:17 GMT 2012,Thu Jan 26 19:07:47 GMT 2012,Thu Feb 02 11:07:47 PST 2012,,,,150,0% (0/0),0% (0/0),0% (0/0),under,4988,2492,8.64,1500,3000,7.5
2WQ06UFBNFSVWCUUFZWS36NG1CAH35,2DVGTP9RA7S5C4ALLOJOM70JMHCRW9,How much is it worth? Quick 2 minute survey.,A quick two minute survey asking about prices. DO THIS HIT ONLY ONCE.,"survey, quick, prices",0.1,Wed Jan 25 18:13:24 GMT 2012,30,Department:Other,600,604800,Wed Feb 01 18:13:24 GMT 2012,3,,2EUJ1LY58B72N49XS5BHK16YH3X7SV,42,Submitted,Thu Jan 26 01:39:06 GMT 2012,Thu Jan 26 01:41:37 GMT 2012,Wed Feb 01 17:41:37 PST 2012,,,,151,0% (0/0),0% (0/0),0% (0/0),under,4988,2492,8.64,2200,4000,6.99
2WQ06UFBNFSVWCUUFZWS36NG1CAH35,2DVGTP9RA7S5C4ALLOJOM70JMHCRW9,How much is it worth? Quick 2 minute survey.,A quick two minute survey asking about prices. DO THIS HIT ONLY ONCE.,"survey, quick, prices",0.1,Wed Jan 25 18:13:24 GMT 2012,30,Department:Other,600,604800,Wed Feb 01 18:13:24 GMT 2012,3,,2EYOQ1SNQQ7QMP9KDGBCUR12V0U7RL,43,Submitted,Wed Jan 25 18:44:07 GMT 2012,Wed Jan 25 18:46:53 GMT 2012,Wed Feb 01 10:46:53 PST 2012,,,,166,0% (0/0),0% (0/0),0% (0/0),under,4988,2492,8.64,1500,4000,7.99
2WQ06UFBNFSVWCUUFZWS36NG1CAH35,2DVGTP9RA7S5C4ALLOJOM70JMHCRW9,How much is it worth? Quick 2 minute survey.,A quick two minute survey asking about prices. DO THIS HIT ONLY ONCE.,"survey, quick, prices",0.1,Wed Jan 25 18:13:24 GMT 2012,30,Department:Other,600,604800,Wed Feb 01 18:13:24 GMT 2012,3,,2FD8I9NZW6HEFOXTGGN70869I5CWMY,44,Submitted,Thu Jan 26 09:31:07 GMT 2012,Thu Jan 26 09:34:34 GMT 2012,Thu Feb 02 01:34:34 PST 2012,,,,207,0% (0/0),0% (0/0),0% (0/0),under,4988,2492,8.64,1900,4700,7.99
2WQ06UFBNFSVWCUUFZWS36NG1CAH35,2DVGTP9RA7S5C4ALLOJOM70JMHCRW9,How much is it worth? Quick 2 minute survey.,A quick two minute survey asking about prices. DO THIS HIT ONLY ONCE.,"survey, quick, prices",0.1,Wed Jan 25 18:13:24 GMT 2012,30,Department:Other,600,604800,Wed Feb 01 18:13:24 GMT 2012,3,,2FMFJ51Y7QEOFX754R3S0MOFZ30EBA,45,Submitted,Thu Jan 26 20:23:02 GMT 2012,Thu Jan 26 20:23:50 GMT 2012,Thu Feb 02 12:23:50 PST 2012,,,,48,0% (0/0),0% (0/0),0% (0/0),under,4988,2492,8.64,2000,4500,6.99
2WQ06UFBNFSVWCUUFZWS36NG1CAH35,2DVGTP9RA7S5C4ALLOJOM70JMHCRW9,How much is it worth? Quick 2 minute survey.,A quick two minute survey asking about prices. DO THIS HIT ONLY ONCE.,"survey, quick, prices",0.1,Wed Jan 25 18:13:24 GMT 2012,30,Department:Other,600,604800,Wed Feb 01 18:13:24 GMT 2012,3,,2GZD1X3V0FK0S6THV4SMEPKKBV9LEV,46,Submitted,Wed Jan 25 18:43:20 GMT 2012,Wed Jan 25 18:45:30 GMT 2012,Wed Feb 01 10:45:30 PST 2012,,,,130,0% (0/0),0% (0/0),0% (0/0),under,4988,2492,8.64,2200,4750,7.5
2WQ06UFBNFSVWCUUFZWS36NG1CAH35,2DVGTP9RA7S5C4ALLOJOM70JMHCRW9,How much is it worth? Quick 2 minute survey.,A quick two minute survey asking about prices. DO THIS HIT ONLY ONCE.,"survey, quick, prices",0.1,Wed Jan 25 18:13:24 GMT 2012,30,Department:Other,600,604800,Wed Feb 01 18:13:24 GMT 2012,3,,2HW6OQ1SNQQ76OGFHRHKJNR1438Q64,47,Submitted,Wed Jan 25 18:36:05 GMT 2012,Wed Jan 25 18:38:08 GMT 2012,Wed Feb 01 10:38:08 PST 2012,,,,123,0% (0/0),0% (0/0),0% (0/0),under,4988,2492,8.64,1500,2500,7.58
2WQ06UFBNFSVWCUUFZWS36NG1CAH35,2DVGTP9RA7S5C4ALLOJOM70JMHCRW9,How much is it worth? Quick 2 minute survey.,A quick two minute survey asking about prices. DO THIS HIT ONLY ONCE.,"survey, quick, prices",0.1,Wed Jan 25 18:13:24 GMT 2012,30,Department:Other,600,604800,Wed Feb 01 18:13:24 GMT 2012,3,,2IBIA0RYNJ9231T1CV2MQTUH06L381,48,Submitted,Wed Jan 25 18:39:05 GMT 2012,Wed Jan 25 18:41:38 GMT 2012,Wed Feb 01 10:41:38 PST 2012,,,,153,0% (0/0),0% (0/0),0% (0/0),under,4988,2492,8.64,1900,4120,7.75
2WQ06UFBNFSVWCUUFZWS36NG1CAH35,2DVGTP9RA7S5C4ALLOJOM70JMHCRW9,How much is it worth? Quick 2 minute survey.,A quick two minute survey asking about prices. DO THIS HIT ONLY ONCE.,"survey, quick, prices",0.1,Wed Jan 25 18:13:24 GMT 2012,30,Department:Other,600,604800,Wed Feb 01 18:13:24 GMT 2012,3,,2IEQU6L5OBVCYJ0C9U1IQF7GWCJYFB,49,Submitted,Thu Jan 26 04:44:48 GMT 2012,Thu Jan 26 04:47:49 GMT 2012,Wed Feb 01 20:47:49 PST 2012,,,,181,0% (0/0),0% (0/0),0% (0/0),under,4988,2492,8.64,2200,4900,8
2WQ06UFBNFSVWCUUFZWS36NG1CAH35,2DVGTP9RA7S5C4ALLOJOM70JMHCRW9,How much is it worth? Quick 2 minute survey.,A quick two minute survey asking about prices. DO THIS HIT ONLY ONCE.,"survey, quick, prices",0.1,Wed Jan 25 18:13:24 GMT 2012,30,Department:Other,600,604800,Wed Feb 01 18:13:24 GMT 2012,3,,2JG9Z6KW4ZMAFZQ63B6Q7ONNX1ZF6Z,50,Submitted,Wed Jan 25 18:33:35 GMT 2012,Wed Jan 25 18:35:32 GMT 2012,Wed Feb 01 10:35:32 PST 2012,,,,117,0% (0/0),0% (0/0),0% (0/0),under,4988,2492,8.64,2000,4000,7.56
2WQ06UFBNFSVWCUUFZWS36NG1CAH35,2DVGTP9RA7S5C4ALLOJOM70JMHCRW9,How much is it worth? Quick 2 minute survey.,A quick two minute survey asking about prices. DO THIS HIT ONLY ONCE.,"survey, quick, prices",0.1,Wed Jan 25 18:13:24 GMT 2012,30,Department:Other,600,604800,Wed Feb 01 18:13:24 GMT 2012,3,,2KRHHRRLFQ0O3546TRBHV9EGTMEPG5,51,Submitted,Thu Jan 26 03:55:33 GMT 2012,Thu Jan 26 03:58:49 GMT 2012,Wed Feb 01 19:58:49 PST 2012,,,,196,0% (0/0),0% (0/0),0% (0/0),under,4988,2492,8.64,1990,3250,7.75
2WQ06UFBNFSVWCUUFZWS36NG1CAH35,2DVGTP9RA7S5C4ALLOJOM70JMHCRW9,How much is it worth? Quick 2 minute survey.,A quick two minute survey asking about prices. DO THIS HIT ONLY ONCE.,"survey, quick, prices",0.1,Wed Jan 25 18:13:24 GMT 2012,30,Department:Other,600,604800,Wed Feb 01 18:13:24 GMT 2012,3,,2LFVP3TVOK5UV1EGAXHEVZFYS2N52T,52,Submitted,Wed Jan 25 20:05:15 GMT 2012,Wed Jan 25 20:06:29 GMT 2012,Wed Feb 01 12:06:29 PST 2012,,,,74,0% (0/0),0% (0/0),0% (0/0),under,4988,2492,8.64,2000,4000,7.99
2WQ06UFBNFSVWCUUFZWS36NG1CAH35,2DVGTP9RA7S5C4ALLOJOM70JMHCRW9,How much is it worth? Quick 2 minute survey.,A quick two minute survey asking about prices. DO THIS HIT ONLY ONCE.,"survey, quick, prices",0.1,Wed Jan 25 18:13:24 GMT 2012,30,Department:Other,600,604800,Wed Feb 01 18:13:24 GMT 2012,3,,2PD6VCPWZ9RNTER37RJ7ZN3DVQSAP3,53,Submitted,Wed Jan 25 23:02:10 GMT 2012,Wed Jan 25 23:02:34 GMT 2012,Wed Feb 01 15:02:34 PST 2012,,,,24,0% (0/0),0% (0/0),0% (0/0),under,4988,2492,8.64,1750,3500,7.99
2WQ06UFBNFSVWCUUFZWS36NG1CAH35,2DVGTP9RA7S5C4ALLOJOM70JMHCRW9,How much is it worth? Quick 2 minute survey.,A quick two minute survey asking about prices. DO THIS HIT ONLY ONCE.,"survey, quick, prices",0.1,Wed Jan 25 18:13:24 GMT 2012,30,Department:Other,600,604800,Wed Feb 01 18:13:24 GMT 2012,3,,2R8YQ4J3NAB6RXVUREPYPT1TLRYQD3,54,Submitted,Thu Jan 26 19:22:55 GMT 2012,Thu Jan 26 19:24:48 GMT 2012,Thu Feb 02 11:24:48 PST 2012,,,,113,0% (0/0),0% (0/0),0% (0/0),under,4988,2492,8.64,1790,4350,7.5
2WQ06UFBNFSVWCUUFZWS36NG1CAH35,2DVGTP9RA7S5C4ALLOJOM70JMHCRW9,How much is it worth? Quick 2 minute survey.,A quick two minute survey asking about prices. DO THIS HIT ONLY ONCE.,"survey, quick, prices",0.1,Wed Jan 25 18:13:24 GMT 2012,30,Department:Other,600,604800,Wed Feb 01 18:13:24 GMT 2012,3,,2T85TYMNCWYBKROO4IJH411JQZ9OK2,55,Submitted,Thu Jan 26 16:59:02 GMT 2012,Thu Jan 26 17:00:27 GMT 2012,Thu Feb 02 09:00:27 PST 2012,,,,85,0% (0/0),0% (0/0),0% (0/0),under,4988,2492,8.64,2000,3200,8.5
2WQ06UFBNFSVWCUUFZWS36NG1CAH35,2DVGTP9RA7S5C4ALLOJOM70JMHCRW9,How much is it worth? Quick 2 minute survey.,A quick two minute survey asking about prices. DO THIS HIT ONLY ONCE.,"survey, quick, prices",0.1,Wed Jan 25 18:13:24 GMT 2012,30,Department:Other,600,604800,Wed Feb 01 18:13:24 GMT 2012,3,,2WFCWYB49F9S8AQCDRAOUST5JGOPTG,56,Submitted,Thu Jan 26 04:34:27 GMT 2012,Thu Jan 26 04:36:06 GMT 2012,Wed Feb 01 20:36:06 PST 2012,,,,99,0% (0/0),0% (0/0),0% (0/0),under,4988,2492,8.64,500,4500,7.99
2WQ06UFBNFSVWCUUFZWS36NG1CAH35,2DVGTP9RA7S5C4ALLOJOM70JMHCRW9,How much is it worth? Quick 2 minute survey.,A quick two minute survey asking about prices. DO THIS HIT ONLY ONCE.,"survey, quick, prices",0.1,Wed Jan 25 18:13:24 GMT 2012,30,Department:Other,600,604800,Wed Feb 01 18:13:24 GMT 2012,3,,2X4WYB49F9SS8Z6GD9FNZT5H7Q8QUQ,57,Submitted,Thu Jan 26 00:21:48 GMT 2012,Thu Jan 26 00:22:47 GMT 2012,Wed Feb 01 16:22:47 PST 2012,,,,59,0% (0/0),0% (0/0),0% (0/0),under,4988,2492,8.64,2000,4800,8
2WQ06UFBNFSVWCUUFZWS36NG1CAH35,2DVGTP9RA7S5C4ALLOJOM70JMHCRW9,How much is it worth? Quick 2 minute survey.,A quick two minute survey asking about prices. DO THIS HIT ONLY ONCE.,"survey, quick, prices",0.1,Wed Jan 25 18:13:24 GMT 2012,30,Department:Other,600,604800,Wed Feb 01 18:13:24 GMT 2012,3,,2XXF3Q0JG5TY25LBA1V9M9SSUTJEII,58,Submitted,Thu Jan 26 19:44:01 GMT 2012,Thu Jan 26 19:46:18 GMT 2012,Thu Feb 02 11:46:18 PST 2012,,,,137,0% (0/0),0% (0/0),0% (0/0),under,4988,2492,8.64,2000,3500,7.69
2XNTYMNCWYB4PXI74I8X81JONPBLPS,2DVGTP9RA7S5C4ALLOJOM70JMHCRW9,How much is it worth? Quick 2 minute survey.,A quick two minute survey asking about prices. DO THIS HIT ONLY ONCE.,"survey, quick, prices",0.1,Wed Jan 25 18:13:24 GMT 2012,30,Department:Other,600,604800,Wed Feb 01 18:13:24 GMT 2012,1,,206OZFYQS1CS94XU9H4SBIC1G86JMR,59,Submitted,Wed Jan 25 22:04:26 GMT 2012,Wed Jan 25 22:05:48 GMT 2012,Wed Feb 01 14:05:48 PST 2012,,,,82,0% (0/0),0% (0/0),0% (0/0),rounded,5000,2500,9,2300,4500,8
2XNTYMNCWYB4PXI74I8X81JONPBLPS,2DVGTP9RA7S5C4ALLOJOM70JMHCRW9,How much is it worth? Quick 2 minute survey.,A quick two minute survey asking about prices. DO THIS HIT ONLY ONCE.,"survey, quick, prices",0.1,Wed Jan 25 18:13:24 GMT 2012,30,Department:Other,600,604800,Wed Feb 01 18:13:24 GMT 2012,1,,22LMOFXRDS4ISJNDPDOJMM11CC4WTT,60,Submitted,Wed Jan 25 20:27:50 GMT 2012,Wed Jan 25 20:30:24 GMT 2012,Wed Feb 01 12:30:24 PST 2012,,,,154,0% (0/0),0% (0/0),0% (0/0),rounded,5000,2500,9,2000,4500,8.49
2XNTYMNCWYB4PXI74I8X81JONPBLPS,2DVGTP9RA7S5C4ALLOJOM70JMHCRW9,How much is it worth? Quick 2 minute survey.,A quick two minute survey asking about prices. DO THIS HIT ONLY ONCE.,"survey, quick, prices",0.1,Wed Jan 25 18:13:24 GMT 2012,30,Department:Other,600,604800,Wed Feb 01 18:13:24 GMT 2012,1,,23EOFXRDS4ICHW7SZNAFT11A4UZXU0,61,Submitted,Thu Jan 26 14:19:53 GMT 2012,Thu Jan 26 14:22:29 GMT 2012,Thu Feb 02 06:22:29 PST 2012,,,,156,0% (0/0),0% (0/0),0% (0/0),rounded,5000,2500,9,2200,4500,8
2XNTYMNCWYB4PXI74I8X81JONPBLPS,2DVGTP9RA7S5C4ALLOJOM70JMHCRW9,How much is it worth? Quick 2 minute survey.,A quick two minute survey asking about prices. DO THIS HIT ONLY ONCE.,"survey, quick, prices",0.1,Wed Jan 25 18:13:24 GMT 2012,30,Department:Other,600,604800,Wed Feb 01 18:13:24 GMT 2012,1,,24FU8LZ6R70GL9INPYA32E7WU2CM6E,62,Submitted,Wed Jan 25 18:51:08 GMT 2012,Wed Jan 25 18:52:25 GMT 2012,Wed Feb 01 10:52:25 PST 2012,,,,77,0% (0/0),0% (0/0),0% (0/0),rounded,5000,2500,9,1900,3500,7.5
2XNTYMNCWYB4PXI74I8X81JONPBLPS,2DVGTP9RA7S5C4ALLOJOM70JMHCRW9,How much is it worth? Quick 2 minute survey.,A quick two minute survey asking about prices. DO THIS HIT ONLY ONCE.,"survey, quick, prices",0.1,Wed Jan 25 18:13:24 GMT 2012,30,Department:Other,600,604800,Wed Feb 01 18:13:24 GMT 2012,1,,259VKCJ011K2NMSMLAHWD18N6IYA8T,63,Submitted,Thu Jan 26 14:19:49 GMT 2012,Thu Jan 26 14:21:42 GMT 2012,Thu Feb 02 06:21:42 PST 2012,,,,113,0% (0/0),0% (0/0),0% (0/0),rounded,5000,2500,9,1000,2500,6.95
2XNTYMNCWYB4PXI74I8X81JONPBLPS,2DVGTP9RA7S5C4ALLOJOM70JMHCRW9,How much is it worth? Quick 2 minute survey.,A quick two minute survey asking about prices. DO THIS HIT ONLY ONCE.,"survey, quick, prices",0.1,Wed Jan 25 18:13:24 GMT 2012,30,Department:Other,600,604800,Wed Feb 01 18:13:24 GMT 2012,1,,25B8EBDPGFL6BUYBBZINKWIOXDI2HF,64,Submitted,Thu Jan 26 23:05:44 GMT 2012,Thu Jan 26 23:06:52 GMT 2012,Thu Feb 02 15:06:52 PST 2012,,,,68,0% (0/0),0% (0/0),0% (0/0),rounded,5000,2500,9,1700,4495,7.5
2XNTYMNCWYB4PXI74I8X81JONPBLPS,2DVGTP9RA7S5C4ALLOJOM70JMHCRW9,How much is it worth? Quick 2 minute survey.,A quick two minute survey asking about prices. DO THIS HIT ONLY ONCE.,"survey, quick, prices",0.1,Wed Jan 25 18:13:24 GMT 2012,30,Department:Other,600,604800,Wed Feb 01 18:13:24 GMT 2012,1,,262VKI62NJQ2HPBELZHHDBKLE5XLTM,65,Submitted,Wed Jan 25 18:44:34 GMT 2012,Wed Jan 25 18:48:40 GMT 2012,Wed Feb 01 10:48:40 PST 2012,,,,246,0% (0/0),0% (0/0),0% (0/0),rounded,5000,2500,9,2400,4849,8.69
2XNTYMNCWYB4PXI74I8X81JONPBLPS,2DVGTP9RA7S5C4ALLOJOM70JMHCRW9,How much is it worth? Quick 2 minute survey.,A quick two minute survey asking about prices. DO THIS HIT ONLY ONCE.,"survey, quick, prices",0.1,Wed Jan 25 18:13:24 GMT 2012,30,Department:Other,600,604800,Wed Feb 01 18:13:24 GMT 2012,1,,27MLRGNTBJ3M2V6KRFYND2KHDL6U85,66,Submitted,Thu Jan 26 18:01:49 GMT 2012,Thu Jan 26 18:04:02 GMT 2012,Thu Feb 02 10:04:02 PST 2012,,,,133,0% (0/0),0% (0/0),0% (0/0),rounded,5000,2500,9,1700,3500,8
2XNTYMNCWYB4PXI74I8X81JONPBLPS,2DVGTP9RA7S5C4ALLOJOM70JMHCRW9,How much is it worth? Quick 2 minute survey.,A quick two minute survey asking about prices. DO THIS HIT ONLY ONCE.,"survey, quick, prices",0.1,Wed Jan 25 18:13:24 GMT 2012,30,Department:Other,600,604800,Wed Feb 01 18:13:24 GMT 2012,1,,27VV0FK0COK2ZWA1JFBKGLRW80PIPB,67,Submitted,Thu Jan 26 22:56:39 GMT 2012,Thu Jan 26 22:57:48 GMT 2012,Thu Feb 02 14:57:48 PST 2012,,,,69,0% (0/0),0% (0/0),0% (0/0),rounded,5000,2500,9,2000,4000,8
2XNTYMNCWYB4PXI74I8X81JONPBLPS,2DVGTP9RA7S5C4ALLOJOM70JMHCRW9,How much is it worth? Quick 2 minute survey.,A quick two minute survey asking about prices. DO THIS HIT ONLY ONCE.,"survey, quick, prices",0.1,Wed Jan 25 18:13:24 GMT 2012,30,Department:Other,600,604800,Wed Feb 01 18:13:24 GMT 2012,1,,27VYOCCF0CP50FY8UD9I4YG4RYTUTW,68,Submitted,Thu Jan 26 19:48:47 GMT 2012,Thu Jan 26 19:50:33 GMT 2012,Thu Feb 02 11:50:33 PST 2012,,,,106,0% (0/0),0% (0/0),0% (0/0),rounded,5000,2500,9,1800,1500,8
2XNTYMNCWYB4PXI74I8X81JONPBLPS,2DVGTP9RA7S5C4ALLOJOM70JMHCRW9,How much is it worth? Quick 2 minute survey.,A quick two minute survey asking about prices. DO THIS HIT ONLY ONCE.,"survey, quick, prices",0.1,Wed Jan 25 18:13:24 GMT 2012,30,Department:Other,600,604800,Wed Feb 01 18:13:24 GMT 2012,1,,28L3DHJHP4BDT2PJAYIS49X3IE13WV,69,Submitted,Thu Jan 26 11:17:02 GMT 2012,Thu Jan 26 11:19:02 GMT 2012,Thu Feb 02 03:19:02 PST 2012,,,,120,0% (0/0),0% (0/0),0% (0/0),rounded,5000,2500,9,2000,4200,8
2XNTYMNCWYB4PXI74I8X81JONPBLPS,2DVGTP9RA7S5C4ALLOJOM70JMHCRW9,How much is it worth? Quick 2 minute survey.,A quick two minute survey asking about prices. DO THIS HIT ONLY ONCE.,"survey, quick, prices",0.1,Wed Jan 25 18:13:24 GMT 2012,30,Department:Other,600,604800,Wed Feb 01 18:13:24 GMT 2012,1,,28X8B727M0IGV2QSDWPFZVF4XUOCX1,70,Submitted,Thu Jan 26 12:49:25 GMT 2012,Thu Jan 26 12:52:26 GMT 2012,Thu Feb 02 04:52:26 PST 2012,,,,181,0% (0/0),0% (0/0),0% (0/0),rounded,5000,2500,9,2000,2999,7
2XNTYMNCWYB4PXI74I8X81JONPBLPS,2DVGTP9RA7S5C4ALLOJOM70JMHCRW9,How much is it worth? Quick 2 minute survey.,A quick two minute survey asking about prices. DO THIS HIT ONLY ONCE.,"survey, quick, prices",0.1,Wed Jan 25 18:13:24 GMT 2012,30,Department:Other,600,604800,Wed Feb 01 18:13:24 GMT 2012,1,,291O9Z6KW4ZMQHQW3HCFX0ONP7ZE5U,71,Submitted,Thu Jan 26 16:00:28 GMT 2012,Thu Jan 26 16:01:28 GMT 2012,Thu Feb 02 08:01:28 PST 2012,,,,60,0% (0/0),0% (0/0),0% (0/0),rounded,5000,2500,9,2450,4995,8.95
2XNTYMNCWYB4PXI74I8X81JONPBLPS,2DVGTP9RA7S5C4ALLOJOM70JMHCRW9,How much is it worth? Quick 2 minute survey.,A quick two minute survey asking about prices. DO THIS HIT ONLY ONCE.,"survey, quick, prices",0.1,Wed Jan 25 18:13:24 GMT 2012,30,Department:Other,600,604800,Wed Feb 01 18:13:24 GMT 2012,1,,2AGHOVR14IXK4KUOE75C3A6X59P78U,72,Submitted,Thu Jan 26 00:30:43 GMT 2012,Thu Jan 26 00:32:31 GMT 2012,Wed Feb 01 16:32:31 PST 2012,,,,108,0% (0/0),0% (0/0),0% (0/0),rounded,5000,2500,9,2300,4700,7.5
2XNTYMNCWYB4PXI74I8X81JONPBLPS,2DVGTP9RA7S5C4ALLOJOM70JMHCRW9,How much is it worth? Quick 2 minute survey.,A quick two minute survey asking about prices. DO THIS HIT ONLY ONCE.,"survey, quick, prices",0.1,Wed Jan 25 18:13:24 GMT 2012,30,Department:Other,600,604800,Wed Feb 01 18:13:24 GMT 2012,1,,2BKNQQ7Q6705H8TRZHS20QC1ZY8BVI,73,Submitted,Fri Jan 27 01:06:05 GMT 2012,Fri Jan 27 01:09:06 GMT 2012,Thu Feb 02 17:09:06 PST 2012,,,,181,0% (0/0),0% (0/0),0% (0/0),rounded,5000,2500,9,2000,4300,8.25
2XNTYMNCWYB4PXI74I8X81JONPBLPS,2DVGTP9RA7S5C4ALLOJOM70JMHCRW9,How much is it worth? Quick 2 minute survey.,A quick two minute survey asking about prices. DO THIS HIT ONLY ONCE.,"survey, quick, prices",0.1,Wed Jan 25 18:13:24 GMT 2012,30,Department:Other,600,604800,Wed Feb 01 18:13:24 GMT 2012,1,,2CJCJK63ZVE3X99Z681QGJL5TEHY9C,74,Submitted,Thu Jan 26 02:43:02 GMT 2012,Thu Jan 26 02:45:03 GMT 2012,Wed Feb 01 18:45:03 PST 2012,,,,121,0% (0/0),0% (0/0),0% (0/0),rounded,5000,2500,9,1000,3500,8
2XNTYMNCWYB4PXI74I8X81JONPBLPS,2DVGTP9RA7S5C4ALLOJOM70JMHCRW9,How much is it worth? Quick 2 minute survey.,A quick two minute survey asking about prices. DO THIS HIT ONLY ONCE.,"survey, quick, prices",0.1,Wed Jan 25 18:13:24 GMT 2012,30,Department:Other,600,604800,Wed Feb 01 18:13:24 GMT 2012,1,,2CYDG67D1X3VGXTFOEB2QE1M9Z9AHP,75,Submitted,Wed Jan 25 21:13:31 GMT 2012,Wed Jan 25 21:15:06 GMT 2012,Wed Feb 01 13:15:06 PST 2012,,,,95,0% (0/0),0% (0/0),0% (0/0),rounded,5000,2500,9,1950,4675,7.89
2XNTYMNCWYB4PXI74I8X81JONPBLPS,2DVGTP9RA7S5C4ALLOJOM70JMHCRW9,How much is it worth? Quick 2 minute survey.,A quick two minute survey asking about prices. DO THIS HIT ONLY ONCE.,"survey, quick, prices",0.1,Wed Jan 25 18:13:24 GMT 2012,30,Department:Other,600,604800,Wed Feb 01 18:13:24 GMT 2012,1,,2F3MJTUHYW2G97I6MXJ53M16B8BJOW,76,Submitted,Wed Jan 25 18:49:44 GMT 2012,Wed Jan 25 18:50:49 GMT 2012,Wed Feb 01 10:50:49 PST 2012,,,,65,0% (0/0),0% (0/0),0% (0/0),rounded,5000,2500,9,2000,4000,7.75
2XNTYMNCWYB4PXI74I8X81JONPBLPS,2DVGTP9RA7S5C4ALLOJOM70JMHCRW9,How much is it worth? Quick 2 minute survey.,A quick two minute survey asking about prices. DO THIS HIT ONLY ONCE.,"survey, quick, prices",0.1,Wed Jan 25 18:13:24 GMT 2012,30,Department:Other,600,604800,Wed Feb 01 18:13:24 GMT 2012,1,,2IHJWKUDD8XMRLZILPRBDUTO84KMBY,77,Submitted,Thu Jan 26 06:46:26 GMT 2012,Thu Jan 26 06:47:25 GMT 2012,Wed Feb 01 22:47:25 PST 2012,,,,59,0% (0/0),0% (0/0),0% (0/0),rounded,5000,2500,9,2000,4500,6.5
2XNTYMNCWYB4PXI74I8X81JONPBLPS,2DVGTP9RA7S5C4ALLOJOM70JMHCRW9,How much is it worth? Quick 2 minute survey.,A quick two minute survey asking about prices. DO THIS HIT ONLY ONCE.,"survey, quick, prices",0.1,Wed Jan 25 18:13:24 GMT 2012,30,Department:Other,600,604800,Wed Feb 01 18:13:24 GMT 2012,1,,2KRHHRRLFQ0O3546TRBHV9EGTL6PGV,78,Submitted,Wed Jan 25 23:46:59 GMT 2012,Wed Jan 25 23:50:08 GMT 2012,Wed Feb 01 15:50:08 PST 2012,,,,189,0% (0/0),0% (0/0),0% (0/0),rounded,5000,2500,9,500,4500,8
2XNTYMNCWYB4PXI74I8X81JONPBLPS,2DVGTP9RA7S5C4ALLOJOM70JMHCRW9,How much is it worth? Quick 2 minute survey.,A quick two minute survey asking about prices. DO THIS HIT ONLY ONCE.,"survey, quick, prices",0.1,Wed Jan 25 18:13:24 GMT 2012,30,Department:Other,600,604800,Wed Feb 01 18:13:24 GMT 2012,1,,2RE8JIA0RYNJPKWYWCR5IMJTWTQ613,79,Submitted,Fri Jan 27 00:38:58 GMT 2012,Fri Jan 27 00:40:50 GMT 2012,Thu Feb 02 16:40:50 PST 2012,,,,112,0% (0/0),0% (0/0),0% (0/0),rounded,5000,2500,9,1500,4500,7
2XNTYMNCWYB4PXI74I8X81JONPBLPS,2DVGTP9RA7S5C4ALLOJOM70JMHCRW9,How much is it worth? Quick 2 minute survey.,A quick two minute survey asking about prices. DO THIS HIT ONLY ONCE.,"survey, quick, prices",0.1,Wed Jan 25 18:13:24 GMT 2012,30,Department:Other,600,604800,Wed Feb 01 18:13:24 GMT 2012,1,,2REVHVKCJ0110KGJVX0KXW61AXR86G,80,Submitted,Wed Jan 25 20:37:49 GMT 2012,Wed Jan 25 20:40:28 GMT 2012,Wed Feb 01 12:40:28 PST 2012,,,,159,0% (0/0),0% (0/0),0% (0/0),rounded,5000,2500,9,2000,4700,8.5
2XNTYMNCWYB4PXI74I8X81JONPBLPS,2DVGTP9RA7S5C4ALLOJOM70JMHCRW9,How much is it worth? Quick 2 minute survey.,A quick two minute survey asking about prices. DO THIS HIT ONLY ONCE.,"survey, quick, prices",0.1,Wed Jan 25 18:13:24 GMT 2012,30,Department:Other,600,604800,Wed Feb 01 18:13:24 GMT 2012,1,,2RNKCJ011K27K1GOWGN688N484M9BT,81,Submitted,Wed Jan 25 21:00:35 GMT 2012,Wed Jan 25 21:04:08 GMT 2012,Wed Feb 01 13:04:08 PST 2012,,,,213,0% (0/0),0% (0/0),0% (0/0),rounded,5000,2500,9,1000,2000,7.5
2XNTYMNCWYB4PXI74I8X81JONPBLPS,2DVGTP9RA7S5C4ALLOJOM70JMHCRW9,How much is it worth? Quick 2 minute survey.,A quick two minute survey asking about prices. DO THIS HIT ONLY ONCE.,"survey, quick, prices",0.1,Wed Jan 25 18:13:24 GMT 2012,30,Department:Other,600,604800,Wed Feb 01 18:13:24 GMT 2012,1,,2RNWAVKI62NJ6KAMEP09XH6BMWIJRU,82,Submitted,Thu Jan 26 03:34:58 GMT 2012,Thu Jan 26 03:36:57 GMT 2012,Wed Feb 01 19:36:57 PST 2012,,,,119,0% (0/0),0% (0/0),0% (0/0),rounded,5000,2500,9,2200,4700,8
2XNTYMNCWYB4PXI74I8X81JONPBLPS,2DVGTP9RA7S5C4ALLOJOM70JMHCRW9,How much is it worth? Quick 2 minute survey.,A quick two minute survey asking about prices. DO THIS HIT ONLY ONCE.,"survey, quick, prices",0.1,Wed Jan 25 18:13:24 GMT 2012,30,Department:Other,600,604800,Wed Feb 01 18:13:24 GMT 2012,1,,2U1RJ85OZIZEX4JP1CFOX5EWR9C9X8,83,Submitted,Thu Jan 26 23:47:37 GMT 2012,Thu Jan 26 23:49:46 GMT 2012,Thu Feb 02 15:49:46 PST 2012,,,,129,0% (0/0),0% (0/0),0% (0/0),rounded,5000,2500,9,2000,4000,8.5
2XNTYMNCWYB4PXI74I8X81JONPBLPS,2DVGTP9RA7S5C4ALLOJOM70JMHCRW9,How much is it worth? Quick 2 minute survey.,A quick two minute survey asking about prices. DO THIS HIT ONLY ONCE.,"survey, quick, prices",0.1,Wed Jan 25 18:13:24 GMT 2012,30,Department:Other,600,604800,Wed Feb 01 18:13:24 GMT 2012,1,,2UHEIB9BAWLS2FY5HLOUK3MTT1T2ZV,84,Submitted,Wed Jan 25 19:08:28 GMT 2012,Wed Jan 25 19:11:34 GMT 2012,Wed Feb 01 11:11:34 PST 2012,,,,186,0% (0/0),0% (0/0),0% (0/0),rounded,5000,2500,9,2350,4750,8.25
2XNTYMNCWYB4PXI74I8X81JONPBLPS,2DVGTP9RA7S5C4ALLOJOM70JMHCRW9,How much is it worth? Quick 2 minute survey.,A quick two minute survey asking about prices. DO THIS HIT ONLY ONCE.,"survey, quick, prices",0.1,Wed Jan 25 18:13:24 GMT 2012,30,Department:Other,600,604800,Wed Feb 01 18:13:24 GMT 2012,1,,2VCH1Q6SVQ8HOQV56WC5VBVCKC63MN,85,Submitted,Thu Jan 26 06:06:05 GMT 2012,Thu Jan 26 06:09:00 GMT 2012,Wed Feb 01 22:09:00 PST 2012,,,,175,0% (0/0),0% (0/0),0% (0/0),rounded,5000,2500,9,2000,4000,8.5
2XNTYMNCWYB4PXI74I8X81JONPBLPS,2DVGTP9RA7S5C4ALLOJOM70JMHCRW9,How much is it worth? Quick 2 minute survey.,A quick two minute survey asking about prices. DO THIS HIT ONLY ONCE.,"survey, quick, prices",0.1,Wed Jan 25 18:13:24 GMT 2012,30,Department:Other,600,604800,Wed Feb 01 18:13:24 GMT 2012,1,,2W33Q39Z0B6U96F8G4MS0VRKI09LW8,86,Submitted,Thu Jan 26 05:54:54 GMT 2012,Thu Jan 26 05:58:11 GMT 2012,Wed Feb 01 21:58:11 PST 2012,,,,197,0% (0/0),0% (0/0),0% (0/0),rounded,5000,2500,9,1900,4800,8.5
2XNTYMNCWYB4PXI74I8X81JONPBLPS,2DVGTP9RA7S5C4ALLOJOM70JMHCRW9,How much is it worth? Quick 2 minute survey.,A quick two minute survey asking about prices. DO THIS HIT ONLY ONCE.,"survey, quick, prices",0.1,Wed Jan 25 18:13:24 GMT 2012,30,Department:Other,600,604800,Wed Feb 01 18:13:24 GMT 2012,1,,2WBTUHYW2GTPP9JM4VNM869YUZSQL9,87,Submitted,Thu Jan 26 05:42:31 GMT 2012,Thu Jan 26 05:43:31 GMT 2012,Wed Feb 01 21:43:31 PST 2012,,,,60,0% (0/0),0% (0/0),0% (0/0),rounded,5000,2500,9,2499.99,4995,8.99